code,term,id,type,bnf_code
20350911000001100,Edarbi 20mg tablets (Takeda UK Ltd),20350911000001100,amp,0205052ADBBAAAA
20351211000001103,Edarbi 40mg tablets (Takeda UK Ltd),20351211000001103,amp,0205052ADBBABAB
20351811000001102,Edarbi 80mg tablets (Takeda UK Ltd),20351811000001102,amp,0205052ADBBACAC
34087611000001104,Olmesartan medoxomil 10mg tablets (Teva UK Ltd),34087611000001104,amp,0205052B0AAAAAA
34176111000001109,Olmesartan medoxomil 10mg tablets (Actavis UK Ltd),34176111000001109,amp,0205052B0AAAAAA
34188411000001109,Olmesartan medoxomil 10mg tablets (A A H Pharmaceuticals Ltd),34188411000001109,amp,0205052B0AAAAAA
34196511000001106,Olmesartan medoxomil 10mg tablets (Alliance Healthcare (Distribution) Ltd),34196511000001106,amp,0205052B0AAAAAA
34586111000001107,Olmesartan medoxomil 10mg tablets (Milpharm Ltd),34586111000001107,amp,0205052B0AAAAAA
34969911000001108,Olmesartan medoxomil 10mg tablets (Accord Healthcare Ltd),34969911000001108,amp,0205052B0AAAAAA
36765711000001108,Olmesartan medoxomil 10mg tablets (Macleods Pharma UK Ltd),36765711000001108,amp,0205052B0AAAAAA
36869611000001104,Olmesartan medoxomil 10mg tablets (Torrent Pharma (UK) Ltd),36869611000001104,amp,0205052B0AAAAAA
36890911000001101,Olmesartan medoxomil 10mg tablets (Mylan),36890911000001101,amp,0205052B0AAAAAA
37609411000001108,Olmesartan medoxomil 10mg tablets (DE Pharmaceuticals),37609411000001108,amp,0205052B0AAAAAA
34087211000001101,Olmesartan medoxomil 20mg tablets (Teva UK Ltd),34087211000001101,amp,0205052B0AAABAB
34176311000001106,Olmesartan medoxomil 20mg tablets (Actavis UK Ltd),34176311000001106,amp,0205052B0AAABAB
34188611000001107,Olmesartan medoxomil 20mg tablets (A A H Pharmaceuticals Ltd),34188611000001107,amp,0205052B0AAABAB
34196711000001101,Olmesartan medoxomil 20mg tablets (Alliance Healthcare (Distribution) Ltd),34196711000001101,amp,0205052B0AAABAB
34586311000001109,Olmesartan medoxomil 20mg tablets (Milpharm Ltd),34586311000001109,amp,0205052B0AAABAB
34970211000001102,Olmesartan medoxomil 20mg tablets (Accord Healthcare Ltd),34970211000001102,amp,0205052B0AAABAB
36765911000001105,Olmesartan medoxomil 20mg tablets (Macleods Pharma UK Ltd),36765911000001105,amp,0205052B0AAABAB
36869911000001105,Olmesartan medoxomil 20mg tablets (Torrent Pharma (UK) Ltd),36869911000001105,amp,0205052B0AAABAB
36891111000001105,Olmesartan medoxomil 20mg tablets (Mylan),36891111000001105,amp,0205052B0AAABAB
37609611000001106,Olmesartan medoxomil 20mg tablets (DE Pharmaceuticals),37609611000001106,amp,0205052B0AAABAB
34087411000001102,Olmesartan medoxomil 40mg tablets (Teva UK Ltd),34087411000001102,amp,0205052B0AAACAC
34176511000001100,Olmesartan medoxomil 40mg tablets (Actavis UK Ltd),34176511000001100,amp,0205052B0AAACAC
34188911000001101,Olmesartan medoxomil 40mg tablets (A A H Pharmaceuticals Ltd),34188911000001101,amp,0205052B0AAACAC
34196911000001104,Olmesartan medoxomil 40mg tablets (Alliance Healthcare (Distribution) Ltd),34196911000001104,amp,0205052B0AAACAC
34586511000001103,Olmesartan medoxomil 40mg tablets (Milpharm Ltd),34586511000001103,amp,0205052B0AAACAC
35847611000001101,Olmesartan medoxomil 40mg tablets (Accord Healthcare Ltd),35847611000001101,amp,0205052B0AAACAC
36766111000001101,Olmesartan medoxomil 40mg tablets (Macleods Pharma UK Ltd),36766111000001101,amp,0205052B0AAACAC
36870211000001104,Olmesartan medoxomil 40mg tablets (Torrent Pharma (UK) Ltd),36870211000001104,amp,0205052B0AAACAC
36891411000001100,Olmesartan medoxomil 40mg tablets (Mylan),36891411000001100,amp,0205052B0AAACAC
37610111000001106,Olmesartan medoxomil 40mg tablets (DE Pharmaceuticals),37610111000001106,amp,0205052B0AAACAC
14645911000001104,Olmesartan medoxomil 10mg/5ml oral solution (Special Order),14645911000001104,amp,0205052B0AAADAD
14646911000001106,Olmesartan medoxomil 10mg/5ml oral suspension (Special Order),14646911000001106,amp,0205052B0AAADAD
4624011000001101,Olmetec 10mg tablets (Daiichi Sankyo UK Ltd),4624011000001101,amp,0205052B0BBAAAA
4624311000001103,Olmetec 20mg tablets (Daiichi Sankyo UK Ltd),4624311000001103,amp,0205052B0BBABAB
4624611000001108,Olmetec 40mg tablets (Daiichi Sankyo UK Ltd),4624611000001108,amp,0205052B0BBACAC
20493511000001101,Candesartan 2mg tablets (A A H Pharmaceuticals Ltd),20493511000001101,amp,0205052C0AAAAAA
20508711000001105,Candesartan 2mg tablets (Alliance Healthcare (Distribution) Ltd),20508711000001105,amp,0205052C0AAAAAA
20595811000001108,Candesartan 2mg tablets (Teva UK Ltd),20595811000001108,amp,0205052C0AAAAAA
21666411000001103,Candesartan 2mg tablets (Actavis UK Ltd),21666411000001103,amp,0205052C0AAAAAA
21812711000001102,Candesartan 2mg tablets (Waymade Healthcare Plc),21812711000001102,amp,0205052C0AAAAAA
22626311000001104,Candesartan 2mg tablets (DE Pharmaceuticals),22626311000001104,amp,0205052C0AAAAAA
22947511000001109,Candesartan 2mg tablets (Ranbaxy (UK) Ltd),22947511000001109,amp,0205052C0AAAAAA
23646411000001104,Candesartan 2mg tablets (Phoenix Healthcare Distribution Ltd),23646411000001104,amp,0205052C0AAAAAA
24622611000001103,Candesartan 2mg tablets (Sandoz Ltd),24622611000001103,amp,0205052C0AAAAAA
29777211000001108,Candesartan 2mg tablets (Sigma Pharmaceuticals Plc),29777211000001108,amp,0205052C0AAAAAA
34008111000001107,Candesartan 2mg tablets (Crescent Pharma Ltd),34008111000001107,amp,0205052C0AAAAAA
35139211000001103,Candesartan 2mg tablets (Milpharm Ltd),35139211000001103,amp,0205052C0AAAAAA
36855611000001108,Candesartan 2mg tablets (Torrent Pharma (UK) Ltd),36855611000001108,amp,0205052C0AAAAAA
20476011000001106,Candesartan 4mg tablets (Teva UK Ltd),20476011000001106,amp,0205052C0AAABAB
20483511000001102,Candesartan 4mg tablets (Actavis UK Ltd),20483511000001102,amp,0205052C0AAABAB
20495511000001102,Candesartan 4mg tablets (A A H Pharmaceuticals Ltd),20495511000001102,amp,0205052C0AAABAB
20508911000001107,Candesartan 4mg tablets (Alliance Healthcare (Distribution) Ltd),20508911000001107,amp,0205052C0AAABAB
20530011000001102,Candesartan 4mg tablets (Consilient Health Ltd),20530011000001102,amp,0205052C0AAABAB
20568411000001103,Candesartan 4mg tablets (Arrow Generics Ltd),20568411000001103,amp,0205052C0AAABAB
20912811000001108,Candesartan 4mg tablets (Zentiva),20912811000001108,amp,0205052C0AAABAB
21812911000001100,Candesartan 4mg tablets (Waymade Healthcare Plc),21812911000001100,amp,0205052C0AAABAB
22626711000001100,Candesartan 4mg tablets (DE Pharmaceuticals),22626711000001100,amp,0205052C0AAABAB
22942111000001102,Candesartan 4mg tablets (Ranbaxy (UK) Ltd),22942111000001102,amp,0205052C0AAABAB
23646611000001101,Candesartan 4mg tablets (Phoenix Healthcare Distribution Ltd),23646611000001101,amp,0205052C0AAABAB
24505711000001100,Candesartan 4mg tablets (Sandoz Ltd),24505711000001100,amp,0205052C0AAABAB
29777811000001109,Candesartan 4mg tablets (Sigma Pharmaceuticals Plc),29777811000001109,amp,0205052C0AAABAB
32396911000001100,Candesartan 4mg tablets (Kent Pharmaceuticals Ltd),32396911000001100,amp,0205052C0AAABAB
33582711000001106,Candesartan 4mg tablets (Mylan),33582711000001106,amp,0205052C0AAABAB
34007511000001102,Candesartan 4mg tablets (Crescent Pharma Ltd),34007511000001102,amp,0205052C0AAABAB
34678111000001109,Candesartan 4mg tablets (Almus Pharmaceuticals Ltd),34678111000001109,amp,0205052C0AAABAB
35139711000001105,Candesartan 4mg tablets (Milpharm Ltd),35139711000001105,amp,0205052C0AAABAB
36855811000001107,Candesartan 4mg tablets (Torrent Pharma (UK) Ltd),36855811000001107,amp,0205052C0AAABAB
37047311000001109,Candesartan 4mg tablets (Mawdsley-Brooks & Company Ltd),37047311000001109,amp,0205052C0AAABAB
20476311000001109,Candesartan 8mg tablets (Teva UK Ltd),20476311000001109,amp,0205052C0AAACAC
20483811000001104,Candesartan 8mg tablets (Actavis UK Ltd),20483811000001104,amp,0205052C0AAACAC
20495911000001109,Candesartan 8mg tablets (A A H Pharmaceuticals Ltd),20495911000001109,amp,0205052C0AAACAC
20509211000001108,Candesartan 8mg tablets (Alliance Healthcare (Distribution) Ltd),20509211000001108,amp,0205052C0AAACAC
20530311000001104,Candesartan 8mg tablets (Consilient Health Ltd),20530311000001104,amp,0205052C0AAACAC
20568211000001102,Candesartan 8mg tablets (Arrow Generics Ltd),20568211000001102,amp,0205052C0AAACAC
20913011000001106,Candesartan 8mg tablets (Zentiva),20913011000001106,amp,0205052C0AAACAC
21813511000001100,Candesartan 8mg tablets (Waymade Healthcare Plc),21813511000001100,amp,0205052C0AAACAC
22627111000001103,Candesartan 8mg tablets (DE Pharmaceuticals),22627111000001103,amp,0205052C0AAACAC
22944511000001101,Candesartan 8mg tablets (Ranbaxy (UK) Ltd),22944511000001101,amp,0205052C0AAACAC
23646911000001107,Candesartan 8mg tablets (Phoenix Healthcare Distribution Ltd),23646911000001107,amp,0205052C0AAACAC
24506011000001106,Candesartan 8mg tablets (Sandoz Ltd),24506011000001106,amp,0205052C0AAACAC
29778011000001102,Candesartan 8mg tablets (Sigma Pharmaceuticals Plc),29778011000001102,amp,0205052C0AAACAC
32554411000001109,Candesartan 8mg tablets (Tillomed Laboratories Ltd),32554411000001109,amp,0205052C0AAACAC
32746311000001107,Candesartan 8mg tablets (Genesis Pharmaceuticals Ltd),32746311000001107,amp,0205052C0AAACAC
33582911000001108,Candesartan 8mg tablets (Mylan),33582911000001108,amp,0205052C0AAACAC
34007811000001104,Candesartan 8mg tablets (Crescent Pharma Ltd),34007811000001104,amp,0205052C0AAACAC
34678611000001101,Candesartan 8mg tablets (Almus Pharmaceuticals Ltd),34678611000001101,amp,0205052C0AAACAC
35140111000001100,Candesartan 8mg tablets (Milpharm Ltd),35140111000001100,amp,0205052C0AAACAC
36492311000001107,Candesartan 8mg tablets (Xiromed),36492311000001107,amp,0205052C0AAACAC
36856011000001105,Candesartan 8mg tablets (Torrent Pharma (UK) Ltd),36856011000001105,amp,0205052C0AAACAC
37055311000001103,Candesartan 8mg tablets (Mawdsley-Brooks & Company Ltd),37055311000001103,amp,0205052C0AAACAC
37554811000001108,Candesartan 8mg tablets (Lupin Healthcare (UK) Ltd),37554811000001108,amp,0205052C0AAACAC
37845711000001103,Candesartan 8mg tablets (Bristol Laboratories Ltd),37845711000001103,amp,0205052C0AAACAC
20476511000001103,Candesartan 16mg tablets (Teva UK Ltd),20476511000001103,amp,0205052C0AAADAD
20484011000001107,Candesartan 16mg tablets (Actavis UK Ltd),20484011000001107,amp,0205052C0AAADAD
20496211000001106,Candesartan 16mg tablets (A A H Pharmaceuticals Ltd),20496211000001106,amp,0205052C0AAADAD
20509411000001107,Candesartan 16mg tablets (Alliance Healthcare (Distribution) Ltd),20509411000001107,amp,0205052C0AAADAD
20530511000001105,Candesartan 16mg tablets (Consilient Health Ltd),20530511000001105,amp,0205052C0AAADAD
20568711000001109,Candesartan 16mg tablets (Arrow Generics Ltd),20568711000001109,amp,0205052C0AAADAD
20913211000001101,Candesartan 16mg tablets (Zentiva),20913211000001101,amp,0205052C0AAADAD
21813311000001106,Candesartan 16mg tablets (Waymade Healthcare Plc),21813311000001106,amp,0205052C0AAADAD
22626011000001102,Candesartan 16mg tablets (DE Pharmaceuticals),22626011000001102,amp,0205052C0AAADAD
22944911000001108,Candesartan 16mg tablets (Ranbaxy (UK) Ltd),22944911000001108,amp,0205052C0AAADAD
23647111000001107,Candesartan 16mg tablets (Phoenix Healthcare Distribution Ltd),23647111000001107,amp,0205052C0AAADAD
24506211000001101,Candesartan 16mg tablets (Sandoz Ltd),24506211000001101,amp,0205052C0AAADAD
29777011000001103,Candesartan 16mg tablets (Sigma Pharmaceuticals Plc),29777011000001103,amp,0205052C0AAADAD
32554811000001106,Candesartan 16mg tablets (Tillomed Laboratories Ltd),32554811000001106,amp,0205052C0AAADAD
32746511000001101,Candesartan 16mg tablets (Genesis Pharmaceuticals Ltd),32746511000001101,amp,0205052C0AAADAD
33583111000001104,Candesartan 16mg tablets (Mylan),33583111000001104,amp,0205052C0AAADAD
34006411000001103,Candesartan 16mg tablets (Crescent Pharma Ltd),34006411000001103,amp,0205052C0AAADAD
34678811000001102,Candesartan 16mg tablets (Almus Pharmaceuticals Ltd),34678811000001102,amp,0205052C0AAADAD
35140311000001103,Candesartan 16mg tablets (Milpharm Ltd),35140311000001103,amp,0205052C0AAADAD
36492511000001101,Candesartan 16mg tablets (Xiromed),36492511000001101,amp,0205052C0AAADAD
36856211000001100,Candesartan 16mg tablets (Torrent Pharma (UK) Ltd),36856211000001100,amp,0205052C0AAADAD
37055511000001109,Candesartan 16mg tablets (Mawdsley-Brooks & Company Ltd),37055511000001109,amp,0205052C0AAADAD
37555411000001107,Candesartan 16mg tablets (Lupin Healthcare (UK) Ltd),37555411000001107,amp,0205052C0AAADAD
20476711000001108,Candesartan 32mg tablets (Teva UK Ltd),20476711000001108,amp,0205052C0AAAHAH
20484211000001102,Candesartan 32mg tablets (Actavis UK Ltd),20484211000001102,amp,0205052C0AAAHAH
20497111000001102,Candesartan 32mg tablets (A A H Pharmaceuticals Ltd),20497111000001102,amp,0205052C0AAAHAH
20509711000001101,Candesartan 32mg tablets (Alliance Healthcare (Distribution) Ltd),20509711000001101,amp,0205052C0AAAHAH
20530711000001100,Candesartan 32mg tablets (Consilient Health Ltd),20530711000001100,amp,0205052C0AAAHAH
20568911000001106,Candesartan 32mg tablets (Arrow Generics Ltd),20568911000001106,amp,0205052C0AAAHAH
20913411000001102,Candesartan 32mg tablets (Zentiva),20913411000001102,amp,0205052C0AAAHAH
21813711000001105,Candesartan 32mg tablets (Waymade Healthcare Plc),21813711000001105,amp,0205052C0AAAHAH
22626511000001105,Candesartan 32mg tablets (DE Pharmaceuticals),22626511000001105,amp,0205052C0AAAHAH
23647311000001109,Candesartan 32mg tablets (Phoenix Healthcare Distribution Ltd),23647311000001109,amp,0205052C0AAAHAH
24506411000001102,Candesartan 32mg tablets (Sandoz Ltd),24506411000001102,amp,0205052C0AAAHAH
29777411000001107,Candesartan 32mg tablets (Sigma Pharmaceuticals Plc),29777411000001107,amp,0205052C0AAAHAH
32397211000001106,Candesartan 32mg tablets (Kent Pharmaceuticals Ltd),32397211000001106,amp,0205052C0AAAHAH
32555411000001105,Candesartan 32mg tablets (Tillomed Laboratories Ltd),32555411000001105,amp,0205052C0AAAHAH
32746711000001106,Candesartan 32mg tablets (Genesis Pharmaceuticals Ltd),32746711000001106,amp,0205052C0AAAHAH
33583411000001109,Candesartan 32mg tablets (Mylan),33583411000001109,amp,0205052C0AAAHAH
34007311000001108,Candesartan 32mg tablets (Crescent Pharma Ltd),34007311000001108,amp,0205052C0AAAHAH
34679011000001103,Candesartan 32mg tablets (Almus Pharmaceuticals Ltd),34679011000001103,amp,0205052C0AAAHAH
35140511000001109,Candesartan 32mg tablets (Milpharm Ltd),35140511000001109,amp,0205052C0AAAHAH
36500911000001104,Candesartan 32mg tablets (Xiromed),36500911000001104,amp,0205052C0AAAHAH
36856411000001101,Candesartan 32mg tablets (Torrent Pharma (UK) Ltd),36856411000001101,amp,0205052C0AAAHAH
37049711000001100,Candesartan 32mg tablets (Mawdsley-Brooks & Company Ltd),37049711000001100,amp,0205052C0AAAHAH
37559311000001103,Candesartan 32mg tablets (Lupin Healthcare (UK) Ltd),37559311000001103,amp,0205052C0AAAHAH
15817011000001102,Candesartan 4mg/5ml oral suspension (Special Order),15817011000001102,amp,0205052C0AAAIAI
15882111000001100,Candesartan 4mg/5ml oral solution (Special Order),15882111000001100,amp,0205052C0AAAIAI
15851511000001105,Candesartan 8mg/5ml oral suspension (Special Order),15851511000001105,amp,0205052C0AAAJAJ
15851811000001108,Candesartan 8mg/5ml oral solution (Special Order),15851811000001108,amp,0205052C0AAAJAJ
36876111000001108,Candesartan 16mg/5ml oral solution (Special Order),36876111000001108,amp,0205052C0AAAKAK
97311000001103,Amias 2mg tablets (Takeda UK Ltd),97311000001103,amp,0205052C0BBAAAA
857411000001100,Amias 4mg tablets (Takeda UK Ltd),857411000001100,amp,0205052C0BBABAB
36011000001106,Amias 8mg tablets (Takeda UK Ltd),36011000001106,amp,0205052C0BBACAC
908511000001100,Amias 16mg tablets (Takeda UK Ltd),908511000001100,amp,0205052C0BBADAD
8983911000001107,Amias 32mg tablets (Takeda UK Ltd),8983911000001107,amp,0205052C0BBAEAH
21014811000001103,Irbesartan 75mg tablets (Dexcel-Pharma Ltd),21014811000001103,amp,0205052I0AAAAAA
21111211000001105,Irbesartan 75mg tablets (Teva UK Ltd),21111211000001105,amp,0205052I0AAAAAA
21122811000001107,Irbesartan 75mg tablets (Alliance Healthcare (Distribution) Ltd),21122811000001107,amp,0205052I0AAAAAA
21219011000001103,Irbesartan 75mg tablets (Actavis UK Ltd),21219011000001103,amp,0205052I0AAAAAA
21228311000001102,Irbesartan 75mg tablets (Arrow Generics Ltd),21228311000001102,amp,0205052I0AAAAAA
21230511000001107,Irbesartan 75mg tablets (A A H Pharmaceuticals Ltd),21230511000001107,amp,0205052I0AAAAAA
21284211000001107,Irbesartan 75mg tablets (Accord Healthcare Ltd),21284211000001107,amp,0205052I0AAAAAA
21623611000001102,Irbesartan 75mg tablets (Dr Reddy's Laboratories (UK) Ltd),21623611000001102,amp,0205052I0AAAAAA
21992811000001104,Irbesartan 75mg tablets (Sandoz Ltd),21992811000001104,amp,0205052I0AAAAAA
22336711000001109,Irbesartan 75mg tablets (Aptil Pharma Ltd),22336711000001109,amp,0205052I0AAAAAA
22945311000001106,Irbesartan 75mg tablets (Ranbaxy (UK) Ltd),22945311000001106,amp,0205052I0AAAAAA
23597211000001103,Irbesartan 75mg tablets (Waymade Healthcare Plc),23597211000001103,amp,0205052I0AAAAAA
23665911000001108,Irbesartan 75mg tablets (Sovereign Medical Ltd),23665911000001108,amp,0205052I0AAAAAA
23957411000001100,Irbesartan 75mg tablets (Milpharm Ltd),23957411000001100,amp,0205052I0AAAAAA
27587111000001102,Irbesartan 75mg tablets (Lupin Healthcare (UK) Ltd),27587111000001102,amp,0205052I0AAAAAA
29672011000001105,Irbesartan 75mg tablets (Macleods Pharma UK Ltd),29672011000001105,amp,0205052I0AAAAAA
29880511000001101,Irbesartan 75mg tablets (Sigma Pharmaceuticals Plc),29880511000001101,amp,0205052I0AAAAAA
30057611000001108,Irbesartan 75mg tablets (DE Pharmaceuticals),30057611000001108,amp,0205052I0AAAAAA
30254311000001104,Irbesartan 75mg tablets (Mawdsley-Brooks & Company Ltd),30254311000001104,amp,0205052I0AAAAAA
32408911000001108,Irbesartan 75mg tablets (Kent Pharmaceuticals Ltd),32408911000001108,amp,0205052I0AAAAAA
33597511000001104,Irbesartan 75mg tablets (Mylan),33597511000001104,amp,0205052I0AAAAAA
36599211000001104,Irbesartan 75mg tablets (Bristol Laboratories Ltd),36599211000001104,amp,0205052I0AAAAAA
36847611000001104,Irbesartan 75mg tablets (Torrent Pharma (UK) Ltd),36847611000001104,amp,0205052I0AAAAAA
37265611000001105,Irbesartan 75mg tablets (Zentiva),37265611000001105,amp,0205052I0AAAAAA
21015011000001108,Irbesartan 150mg tablets (Dexcel-Pharma Ltd),21015011000001108,amp,0205052I0AAABAB
21112911000001107,Irbesartan 150mg tablets (Teva UK Ltd),21112911000001107,amp,0205052I0AAABAB
21123311000001108,Irbesartan 150mg tablets (Alliance Healthcare (Distribution) Ltd),21123311000001108,amp,0205052I0AAABAB
21219211000001108,Irbesartan 150mg tablets (Actavis UK Ltd),21219211000001108,amp,0205052I0AAABAB
21228511000001108,Irbesartan 150mg tablets (Arrow Generics Ltd),21228511000001108,amp,0205052I0AAABAB
21230711000001102,Irbesartan 150mg tablets (A A H Pharmaceuticals Ltd),21230711000001102,amp,0205052I0AAABAB
21285011000001103,Irbesartan 150mg tablets (Accord Healthcare Ltd),21285011000001103,amp,0205052I0AAABAB
21624111000001107,Irbesartan 150mg tablets (Dr Reddy's Laboratories (UK) Ltd),21624111000001107,amp,0205052I0AAABAB
21993011000001101,Irbesartan 150mg tablets (Sandoz Ltd),21993011000001101,amp,0205052I0AAABAB
22336911000001106,Irbesartan 150mg tablets (Aptil Pharma Ltd),22336911000001106,amp,0205052I0AAABAB
22945611000001101,Irbesartan 150mg tablets (Ranbaxy (UK) Ltd),22945611000001101,amp,0205052I0AAABAB
23597411000001104,Irbesartan 150mg tablets (Waymade Healthcare Plc),23597411000001104,amp,0205052I0AAABAB
23665711000001106,Irbesartan 150mg tablets (Sovereign Medical Ltd),23665711000001106,amp,0205052I0AAABAB
23957611000001102,Irbesartan 150mg tablets (Milpharm Ltd),23957611000001102,amp,0205052I0AAABAB
24177311000001105,Irbesartan 150mg tablets (DE Pharmaceuticals),24177311000001105,amp,0205052I0AAABAB
27588011000001102,Irbesartan 150mg tablets (Lupin Healthcare (UK) Ltd),27588011000001102,amp,0205052I0AAABAB
29672211000001100,Irbesartan 150mg tablets (Macleods Pharma UK Ltd),29672211000001100,amp,0205052I0AAABAB
33597711000001109,Irbesartan 150mg tablets (Mylan),33597711000001109,amp,0205052I0AAABAB
36599411000001100,Irbesartan 150mg tablets (Bristol Laboratories Ltd),36599411000001100,amp,0205052I0AAABAB
36847811000001100,Irbesartan 150mg tablets (Torrent Pharma (UK) Ltd),36847811000001100,amp,0205052I0AAABAB
37266311000001105,Irbesartan 150mg tablets (Zentiva),37266311000001105,amp,0205052I0AAABAB
21023811000001107,Irbesartan 300mg tablets (Dexcel-Pharma Ltd),21023811000001107,amp,0205052I0AAACAC
21100511000001103,Irbesartan 300mg tablets (A A H Pharmaceuticals Ltd),21100511000001103,amp,0205052I0AAACAC
21113111000001103,Irbesartan 300mg tablets (Teva UK Ltd),21113111000001103,amp,0205052I0AAACAC
21123811000001104,Irbesartan 300mg tablets (Alliance Healthcare (Distribution) Ltd),21123811000001104,amp,0205052I0AAACAC
21219411000001107,Irbesartan 300mg tablets (Actavis UK Ltd),21219411000001107,amp,0205052I0AAACAC
21285511000001106,Irbesartan 300mg tablets (Accord Healthcare Ltd),21285511000001106,amp,0205052I0AAACAC
21624311000001109,Irbesartan 300mg tablets (Dr Reddy's Laboratories (UK) Ltd),21624311000001109,amp,0205052I0AAACAC
21993211000001106,Irbesartan 300mg tablets (Sandoz Ltd),21993211000001106,amp,0205052I0AAACAC
22337111000001106,Irbesartan 300mg tablets (Aptil Pharma Ltd),22337111000001106,amp,0205052I0AAACAC
22946711000001102,Irbesartan 300mg tablets (Ranbaxy (UK) Ltd),22946711000001102,amp,0205052I0AAACAC
23597711000001105,Irbesartan 300mg tablets (Waymade Healthcare Plc),23597711000001105,amp,0205052I0AAACAC
23666111000001104,Irbesartan 300mg tablets (Sovereign Medical Ltd),23666111000001104,amp,0205052I0AAACAC
23957811000001103,Irbesartan 300mg tablets (Milpharm Ltd),23957811000001103,amp,0205052I0AAACAC
24177711000001109,Irbesartan 300mg tablets (DE Pharmaceuticals),24177711000001109,amp,0205052I0AAACAC
27611811000001108,Irbesartan 300mg tablets (Lupin Healthcare (UK) Ltd),27611811000001108,amp,0205052I0AAACAC
29672411000001101,Irbesartan 300mg tablets (Macleods Pharma UK Ltd),29672411000001101,amp,0205052I0AAACAC
32409211000001109,Irbesartan 300mg tablets (Kent Pharmaceuticals Ltd),32409211000001109,amp,0205052I0AAACAC
33597911000001106,Irbesartan 300mg tablets (Mylan),33597911000001106,amp,0205052I0AAACAC
36599611000001102,Irbesartan 300mg tablets (Bristol Laboratories Ltd),36599611000001102,amp,0205052I0AAACAC
36848211000001102,Irbesartan 300mg tablets (Torrent Pharma (UK) Ltd),36848211000001102,amp,0205052I0AAACAC
37266511000001104,Irbesartan 300mg tablets (Zentiva),37266511000001104,amp,0205052I0AAACAC
29880111000001105,Irbesartan 150mg tablets (Sigma Pharmaceuticals Plc),29880111000001105,amp,0205052I0AAADAD
29880311000001107,Irbesartan 300mg tablets (Sigma Pharmaceuticals Plc),29880311000001107,amp,0205052I0AAAEAE
8546311000001102,Irbesartan 150mg/5ml oral suspension (Special Order),8546311000001102,amp,0205052I0AAAFAF
12609511000001107,Irbesartan 300mg/5ml oral suspension (Special Order),12609511000001107,amp,0205052I0AAAGAG
15883011000001105,Irbesartan 300mg oral powder sachets (Special Order),15883011000001105,amp,0205052I0AAAIAI
18825311000001109,Irbesartan 20mg oral powder sachets (Special Order),18825311000001109,amp,0205052I0AAAJAJ
19278411000001102,Irbesartan 30mg oral powder sachets (Special Order),19278411000001102,amp,0205052I0AAAKAK
19480011000001102,Irbesartan 37.5mg oral powder sachets (Special Order),19480011000001102,amp,0205052I0AAALAL
36772211000001100,Irbesartan 100mg/5ml oral suspension (Special Order),36772211000001100,amp,0205052I0AAAMAM
434511000001104,Aprovel 75mg tablets (Sanofi),434511000001104,amp,0205052I0BBAAAA
859711000001103,Aprovel 150mg tablets (Sanofi),859711000001103,amp,0205052I0BBABAB
323211000001107,Aprovel 300mg tablets (Sanofi),323211000001107,amp,0205052I0BBACAC
21522211000001102,Sabervel 75mg tablets (Aspire Pharma Ltd),21522211000001102,amp,0205052I0BDAAAA
21522411000001103,Sabervel 150mg tablets (Aspire Pharma Ltd),21522411000001103,amp,0205052I0BDABAB
21522611000001100,Sabervel 300mg tablets (Aspire Pharma Ltd),21522611000001100,amp,0205052I0BDACAC
22720311000001108,Ifirmasta 75mg tablets (Consilient Health Ltd),22720311000001108,amp,0205052I0BEAAAA
22720611000001103,Ifirmasta 150mg tablets (Consilient Health Ltd),22720611000001103,amp,0205052I0BEABAB
22720811000001104,Ifirmasta 300mg tablets (Consilient Health Ltd),22720811000001104,amp,0205052I0BEACAC
16748511000001103,Losartan 25mg tablets (Zentiva),16748511000001103,amp,0205052N0AAAAAA
16748711000001108,Losartan 25mg tablets (Actavis UK Ltd),16748711000001108,amp,0205052N0AAAAAA
16971611000001102,Losartan 25mg tablets (Mylan),16971611000001102,amp,0205052N0AAAAAA
16998411000001102,Losartan 25mg tablets (Dexcel-Pharma Ltd),16998411000001102,amp,0205052N0AAAAAA
17015511000001104,Losartan 25mg tablets (A A H Pharmaceuticals Ltd),17015511000001104,amp,0205052N0AAAAAA
17024111000001102,Losartan 25mg tablets (Teva UK Ltd),17024111000001102,amp,0205052N0AAAAAA
17025911000001100,Losartan 25mg tablets (Alliance Healthcare (Distribution) Ltd),17025911000001100,amp,0205052N0AAAAAA
17660711000001105,Losartan 25mg tablets (Arrow Generics Ltd),17660711000001105,amp,0205052N0AAAAAA
18140111000001105,Losartan 25mg tablets (Phoenix Healthcare Distribution Ltd),18140111000001105,amp,0205052N0AAAAAA
18170411000001104,Losartan 25mg tablets (Pfizer Ltd),18170411000001104,amp,0205052N0AAAAAA
18463811000001100,Losartan 25mg tablets (Accord Healthcare Ltd),18463811000001100,amp,0205052N0AAAAAA
18476911000001109,Losartan 25mg tablets (Dr Reddy's Laboratories (UK) Ltd),18476911000001109,amp,0205052N0AAAAAA
20308011000001106,Losartan 25mg tablets (Sandoz Ltd),20308011000001106,amp,0205052N0AAAAAA
20571411000001104,Losartan 25mg tablets (Wockhardt UK Ltd),20571411000001104,amp,0205052N0AAAAAA
21033711000001102,Losartan 25mg tablets (Bristol Laboratories Ltd),21033711000001102,amp,0205052N0AAAAAA
21789211000001100,Losartan 25mg tablets (Waymade Healthcare Plc),21789211000001100,amp,0205052N0AAAAAA
22338011000001106,Losartan 25mg tablets (Aptil Pharma Ltd),22338011000001106,amp,0205052N0AAAAAA
23666311000001102,Losartan 25mg tablets (Sovereign Medical Ltd),23666311000001102,amp,0205052N0AAAAAA
24372211000001105,Losartan 25mg tablets (DE Pharmaceuticals),24372211000001105,amp,0205052N0AAAAAA
29899211000001107,Losartan 25mg tablets (Sigma Pharmaceuticals Plc),29899211000001107,amp,0205052N0AAAAAA
30811511000001108,Losartan 25mg tablets (Mawdsley-Brooks & Company Ltd),30811511000001108,amp,0205052N0AAAAAA
32416611000001101,Losartan 25mg tablets (Kent Pharmaceuticals Ltd),32416611000001101,amp,0205052N0AAAAAA
32494211000001107,Losartan 25mg tablets (Brown & Burk UK Ltd),32494211000001107,amp,0205052N0AAAAAA
32617111000001105,Losartan 25mg tablets (Almus Pharmaceuticals Ltd),32617111000001105,amp,0205052N0AAAAAA
32753911000001104,Losartan 25mg tablets (Genesis Pharmaceuticals Ltd),32753911000001104,amp,0205052N0AAAAAA
35165811000001108,Losartan 25mg tablets (Milpharm Ltd),35165811000001108,amp,0205052N0AAAAAA
35656711000001103,Losartan 25mg tablets (Consilient Health Ltd),35656711000001103,amp,0205052N0AAAAAA
36046011000001107,Losartan 25mg tablets (Medreich Plc),36046011000001107,amp,0205052N0AAAAAA
36489811000001107,Losartan 25mg tablets (Xiromed),36489811000001107,amp,0205052N0AAAAAA
16732411000001100,Losartan 50mg tablets (A A H Pharmaceuticals Ltd),16732411000001100,amp,0205052N0AAABAB
16748911000001105,Losartan 50mg tablets (Zentiva),16748911000001105,amp,0205052N0AAABAB
16749111000001100,Losartan 50mg tablets (Actavis UK Ltd),16749111000001100,amp,0205052N0AAABAB
16971811000001103,Losartan 50mg tablets (Mylan),16971811000001103,amp,0205052N0AAABAB
16998911000001105,Losartan 50mg tablets (Dexcel-Pharma Ltd),16998911000001105,amp,0205052N0AAABAB
17024311000001100,Losartan 50mg tablets (Teva UK Ltd),17024311000001100,amp,0205052N0AAABAB
17026111000001109,Losartan 50mg tablets (Alliance Healthcare (Distribution) Ltd),17026111000001109,amp,0205052N0AAABAB
17660911000001107,Losartan 50mg tablets (Arrow Generics Ltd),17660911000001107,amp,0205052N0AAABAB
17912211000001100,Losartan 50mg tablets (Ranbaxy (UK) Ltd),17912211000001100,amp,0205052N0AAABAB
18140311000001107,Losartan 50mg tablets (Phoenix Healthcare Distribution Ltd),18140311000001107,amp,0205052N0AAABAB
18170211000001103,Losartan 50mg tablets (Pfizer Ltd),18170211000001103,amp,0205052N0AAABAB
18464011000001108,Losartan 50mg tablets (Accord Healthcare Ltd),18464011000001108,amp,0205052N0AAABAB
18477111000001109,Losartan 50mg tablets (Dr Reddy's Laboratories (UK) Ltd),18477111000001109,amp,0205052N0AAABAB
20308411000001102,Losartan 50mg tablets (Sandoz Ltd),20308411000001102,amp,0205052N0AAABAB
20571811000001102,Losartan 50mg tablets (Wockhardt UK Ltd),20571811000001102,amp,0205052N0AAABAB
21036211000001102,Losartan 50mg tablets (Bristol Laboratories Ltd),21036211000001102,amp,0205052N0AAABAB
21789411000001101,Losartan 50mg tablets (Waymade Healthcare Plc),21789411000001101,amp,0205052N0AAABAB
22338211000001101,Losartan 50mg tablets (Aptil Pharma Ltd),22338211000001101,amp,0205052N0AAABAB
23666511000001108,Losartan 50mg tablets (Sovereign Medical Ltd),23666511000001108,amp,0205052N0AAABAB
24372411000001109,Losartan 50mg tablets (DE Pharmaceuticals),24372411000001109,amp,0205052N0AAABAB
29904311000001105,Losartan 50mg tablets (Sigma Pharmaceuticals Plc),29904311000001105,amp,0205052N0AAABAB
30855311000001105,Losartan 50mg tablets (Mawdsley-Brooks & Company Ltd),30855311000001105,amp,0205052N0AAABAB
32413511000001108,Losartan 50mg tablets (Genesis Pharmaceuticals Ltd),32413511000001108,amp,0205052N0AAABAB
32416811000001102,Losartan 50mg tablets (Kent Pharmaceuticals Ltd),32416811000001102,amp,0205052N0AAABAB
32494411000001106,Losartan 50mg tablets (Brown & Burk UK Ltd),32494411000001106,amp,0205052N0AAABAB
32617311000001107,Losartan 50mg tablets (Almus Pharmaceuticals Ltd),32617311000001107,amp,0205052N0AAABAB
35166011000001106,Losartan 50mg tablets (Milpharm Ltd),35166011000001106,amp,0205052N0AAABAB
35657011000001102,Losartan 50mg tablets (Consilient Health Ltd),35657011000001102,amp,0205052N0AAABAB
36046211000001102,Losartan 50mg tablets (Medreich Plc),36046211000001102,amp,0205052N0AAABAB
36490111000001106,Losartan 50mg tablets (Xiromed),36490111000001106,amp,0205052N0AAABAB
16732611000001102,Losartan 100mg tablets (A A H Pharmaceuticals Ltd),16732611000001102,amp,0205052N0AAADAD
16749311000001103,Losartan 100mg tablets (Actavis UK Ltd),16749311000001103,amp,0205052N0AAADAD
16749411000001105,Losartan 100mg tablets (Zentiva),16749411000001105,amp,0205052N0AAADAD
16972011000001101,Losartan 100mg tablets (Mylan),16972011000001101,amp,0205052N0AAADAD
16999411000001105,Losartan 100mg tablets (Dexcel-Pharma Ltd),16999411000001105,amp,0205052N0AAADAD
17024511000001106,Losartan 100mg tablets (Teva UK Ltd),17024511000001106,amp,0205052N0AAADAD
17026311000001106,Losartan 100mg tablets (Alliance Healthcare (Distribution) Ltd),17026311000001106,amp,0205052N0AAADAD
17661111000001103,Losartan 100mg tablets (Arrow Generics Ltd),17661111000001103,amp,0205052N0AAADAD
17912411000001101,Losartan 100mg tablets (Ranbaxy (UK) Ltd),17912411000001101,amp,0205052N0AAADAD
18140511000001101,Losartan 100mg tablets (Phoenix Healthcare Distribution Ltd),18140511000001101,amp,0205052N0AAADAD
18169911000001109,Losartan 100mg tablets (Pfizer Ltd),18169911000001109,amp,0205052N0AAADAD
18463611000001104,Losartan 100mg tablets (Accord Healthcare Ltd),18463611000001104,amp,0205052N0AAADAD
18477311000001106,Losartan 100mg tablets (Dr Reddy's Laboratories (UK) Ltd),18477311000001106,amp,0205052N0AAADAD
20308611000001104,Losartan 100mg tablets (Sandoz Ltd),20308611000001104,amp,0205052N0AAADAD
20572111000001104,Losartan 100mg tablets (Wockhardt UK Ltd),20572111000001104,amp,0205052N0AAADAD
21037511000001102,Losartan 100mg tablets (Bristol Laboratories Ltd),21037511000001102,amp,0205052N0AAADAD
21789711000001107,Losartan 100mg tablets (Waymade Healthcare Plc),21789711000001107,amp,0205052N0AAADAD
22338411000001102,Losartan 100mg tablets (Aptil Pharma Ltd),22338411000001102,amp,0205052N0AAADAD
23666711000001103,Losartan 100mg tablets (Sovereign Medical Ltd),23666711000001103,amp,0205052N0AAADAD
24371811000001102,Losartan 100mg tablets (DE Pharmaceuticals),24371811000001102,amp,0205052N0AAADAD
29898111000001108,Losartan 100mg tablets (Sigma Pharmaceuticals Plc),29898111000001108,amp,0205052N0AAADAD
30826511000001105,Losartan 100mg tablets (Mawdsley-Brooks & Company Ltd),30826511000001105,amp,0205052N0AAADAD
32413711000001103,Losartan 100mg tablets (Genesis Pharmaceuticals Ltd),32413711000001103,amp,0205052N0AAADAD
32417011000001106,Losartan 100mg tablets (Kent Pharmaceuticals Ltd),32417011000001106,amp,0205052N0AAADAD
32616911000001105,Losartan 100mg tablets (Almus Pharmaceuticals Ltd),32616911000001105,amp,0205052N0AAADAD
35166611000001104,Losartan 100mg tablets (Milpharm Ltd),35166611000001104,amp,0205052N0AAADAD
35657211000001107,Losartan 100mg tablets (Consilient Health Ltd),35657211000001107,amp,0205052N0AAADAD
36025911000001102,Losartan 100mg tablets (Medreich Plc),36025911000001102,amp,0205052N0AAADAD
36490411000001101,Losartan 100mg tablets (Xiromed),36490411000001101,amp,0205052N0AAADAD
14084811000001106,Losartan 50mg/5ml oral solution (Special Order),14084811000001106,amp,0205052N0AAAEAE
15443111000001105,Losartan 100mg/5ml oral solution (Special Order),15443111000001105,amp,0205052N0AAAFAF
15443411000001100,Losartan 100mg/5ml oral suspension (Special Order),15443411000001100,amp,0205052N0AAAFAF
14191311000001105,Losartan 25mg/5ml oral suspension (Special Order),14191311000001105,amp,0205052N0AAAGAG
14191611000001100,Losartan 25mg/5ml oral solution (Special Order),14191611000001100,amp,0205052N0AAAGAG
16998111000001107,Losartan 12.5mg tablets (Dexcel-Pharma Ltd),16998111000001107,amp,0205052N0AAAHAH
17015311000001105,Losartan 12.5mg tablets (A A H Pharmaceuticals Ltd),17015311000001105,amp,0205052N0AAAHAH
17025711000001102,Losartan 12.5mg tablets (Alliance Healthcare (Distribution) Ltd),17025711000001102,amp,0205052N0AAAHAH
18139911000001103,Losartan 12.5mg tablets (Phoenix Healthcare Distribution Ltd),18139911000001103,amp,0205052N0AAAHAH
24372011000001100,Losartan 12.5mg tablets (DE Pharmaceuticals),24372011000001100,amp,0205052N0AAAHAH
29898911000001106,Losartan 12.5mg tablets (Sigma Pharmaceuticals Plc),29898911000001106,amp,0205052N0AAAHAH
30811311000001102,Losartan 12.5mg tablets (Mawdsley-Brooks & Company Ltd),30811311000001102,amp,0205052N0AAAHAH
32661211000001105,Losartan 12.5mg tablets (Consilient Health Ltd),32661211000001105,amp,0205052N0AAAHAH
36045611000001105,Losartan 12.5mg tablets (Medreich Plc),36045611000001105,amp,0205052N0AAAHAH
14085511000001109,Losartan 50mg/5ml oral suspension (Drug Tariff Special Order),14085511000001109,amp,0205052N0AAAJAJ
32873611000001105,Losartan 20mg/5ml oral suspension (Special Order),32873611000001105,amp,0205052N0AAAKAK
36892211000001106,Losartan 12.5mg/5ml oral suspension (Special Order),36892211000001106,amp,0205052N0AAALAL
266511000001104,Cozaar 25mg tablets (Merck Sharp & Dohme Ltd),266511000001104,amp,0205052N0BBAAAA
53611000001106,Cozaar 50mg tablets (Merck Sharp & Dohme Ltd),53611000001106,amp,0205052N0BBABAB
245811000001102,Cozaar 100mg tablets (Merck Sharp & Dohme Ltd),245811000001102,amp,0205052N0BBACAD
15138911000001101,Cozaar 12.5mg tablets (Merck Sharp & Dohme Ltd),15138911000001101,amp,0205052N0BBADAH
15506811000001105,Cozaar 2.5mg/ml oral suspension (Merck Sharp & Dohme Ltd),15506811000001105,amp,0205052N0BBAEAI
23613511000001101,Telmisartan 40mg tablets (Teva UK Ltd),23613511000001101,amp,0205052Q0AAAAAA
23643711000001103,Telmisartan 40mg tablets (Alliance Healthcare (Distribution) Ltd),23643711000001103,amp,0205052Q0AAAAAA
23669311000001109,Telmisartan 40mg tablets (Actavis UK Ltd),23669311000001109,amp,0205052Q0AAAAAA
23680811000001107,Telmisartan 40mg tablets (A A H Pharmaceuticals Ltd),23680811000001107,amp,0205052Q0AAAAAA
24229511000001108,Telmisartan 40mg tablets (Sandoz Ltd),24229511000001108,amp,0205052Q0AAAAAA
30890511000001100,Telmisartan 40mg tablets (Mawdsley-Brooks & Company Ltd),30890511000001100,amp,0205052Q0AAAAAA
33617011000001102,Telmisartan 40mg tablets (Mylan),33617011000001102,amp,0205052Q0AAAAAA
36502211000001109,Telmisartan 40mg tablets (Xiromed),36502211000001109,amp,0205052Q0AAAAAA
36829311000001102,Telmisartan 40mg tablets (Torrent Pharma (UK) Ltd),36829311000001102,amp,0205052Q0AAAAAA
37822211000001103,Telmisartan 40mg tablets (DE Pharmaceuticals),37822211000001103,amp,0205052Q0AAAAAA
23613711000001106,Telmisartan 80mg tablets (Teva UK Ltd),23613711000001106,amp,0205052Q0AAABAB
23643911000001101,Telmisartan 80mg tablets (Alliance Healthcare (Distribution) Ltd),23643911000001101,amp,0205052Q0AAABAB
23669511000001103,Telmisartan 80mg tablets (Actavis UK Ltd),23669511000001103,amp,0205052Q0AAABAB
23681011000001105,Telmisartan 80mg tablets (A A H Pharmaceuticals Ltd),23681011000001105,amp,0205052Q0AAABAB
24229711000001103,Telmisartan 80mg tablets (Sandoz Ltd),24229711000001103,amp,0205052Q0AAABAB
33616811000001106,Telmisartan 80mg tablets (Mylan),33616811000001106,amp,0205052Q0AAABAB
36502411000001108,Telmisartan 80mg tablets (Xiromed),36502411000001108,amp,0205052Q0AAABAB
36829511000001108,Telmisartan 80mg tablets (Torrent Pharma (UK) Ltd),36829511000001108,amp,0205052Q0AAABAB
37502111000001104,Telmisartan 80mg tablets (Mawdsley-Brooks & Company Ltd),37502111000001104,amp,0205052Q0AAABAB
37822411000001104,Telmisartan 80mg tablets (DE Pharmaceuticals),37822411000001104,amp,0205052Q0AAABAB
23613311000001107,Telmisartan 20mg tablets (Teva UK Ltd),23613311000001107,amp,0205052Q0AAACAC
23643511000001108,Telmisartan 20mg tablets (Alliance Healthcare (Distribution) Ltd),23643511000001108,amp,0205052Q0AAACAC
23669111000001107,Telmisartan 20mg tablets (Actavis UK Ltd),23669111000001107,amp,0205052Q0AAACAC
23680611000001108,Telmisartan 20mg tablets (A A H Pharmaceuticals Ltd),23680611000001108,amp,0205052Q0AAACAC
24229311000001102,Telmisartan 20mg tablets (Sandoz Ltd),24229311000001102,amp,0205052Q0AAACAC
30890111000001109,Telmisartan 20mg tablets (Mawdsley-Brooks & Company Ltd),30890111000001109,amp,0205052Q0AAACAC
33617211000001107,Telmisartan 20mg tablets (Mylan),33617211000001107,amp,0205052Q0AAACAC
36502011000001104,Telmisartan 20mg tablets (Xiromed),36502011000001104,amp,0205052Q0AAACAC
36829111000001104,Telmisartan 20mg tablets (Torrent Pharma (UK) Ltd),36829111000001104,amp,0205052Q0AAACAC
37821911000001101,Telmisartan 20mg tablets (DE Pharmaceuticals),37821911000001101,amp,0205052Q0AAACAC
32874711000001104,Telmisartan 40mg/5ml oral suspension (Special Order),32874711000001104,amp,0205052Q0AAADAD
924911000001106,Micardis 40mg tablets (Boehringer Ingelheim Ltd),924911000001106,amp,0205052Q0BBAAAA
527411000001102,Micardis 80mg tablets (Boehringer Ingelheim Ltd),527411000001102,amp,0205052Q0BBABAB
648711000001100,Micardis 20mg tablets (Boehringer Ingelheim Ltd),648711000001100,amp,0205052Q0BBACAC
24555411000001100,Tolura 40mg tablets (Consilient Health Ltd),24555411000001100,amp,0205052Q0BCAAAA
24555611000001102,Tolura 80mg tablets (Consilient Health Ltd),24555611000001102,amp,0205052Q0BCABAB
24555211000001104,Tolura 20mg tablets (Consilient Health Ltd),24555211000001104,amp,0205052Q0BCACAC
19631111000001104,Valsartan 40mg capsules (Teva UK Ltd),19631111000001104,amp,0205052V0AAAAAA
19682511000001108,Valsartan 40mg capsules (Dexcel-Pharma Ltd),19682511000001108,amp,0205052V0AAAAAA
19687711000001101,Valsartan 40mg capsules (Actavis UK Ltd),19687711000001101,amp,0205052V0AAAAAA
19795611000001105,Valsartan 40mg capsules (Alliance Healthcare (Distribution) Ltd),19795611000001105,amp,0205052V0AAAAAA
19803111000001103,Valsartan 40mg capsules (A A H Pharmaceuticals Ltd),19803111000001103,amp,0205052V0AAAAAA
19827511000001105,Valsartan 40mg capsules (Mylan),19827511000001105,amp,0205052V0AAAAAA
20021211000001101,Valsartan 40mg capsules (Arrow Generics Ltd),20021211000001101,amp,0205052V0AAAAAA
21923411000001104,Valsartan 40mg capsules (Waymade Healthcare Plc),21923411000001104,amp,0205052V0AAAAAA
30107511000001108,Valsartan 40mg capsules (DE Pharmaceuticals),30107511000001108,amp,0205052V0AAAAAA
32449211000001102,Valsartan 40mg capsules (Kent Pharmaceuticals Ltd),32449211000001102,amp,0205052V0AAAAAA
35187911000001105,Valsartan 40mg capsules (Milpharm Ltd),35187911000001105,amp,0205052V0AAAAAA
36512111000001100,Valsartan 40mg capsules (Crescent Pharma Ltd),36512111000001100,amp,0205052V0AAAAAA
37271211000001102,Valsartan 40mg capsules (Mawdsley-Brooks & Company Ltd),37271211000001102,amp,0205052V0AAAAAA
19631311000001102,Valsartan 80mg capsules (Teva UK Ltd),19631311000001102,amp,0205052V0AAABAB
19682811000001106,Valsartan 80mg capsules (Dexcel-Pharma Ltd),19682811000001106,amp,0205052V0AAABAB
19687911000001104,Valsartan 80mg capsules (Actavis UK Ltd),19687911000001104,amp,0205052V0AAABAB
19795811000001109,Valsartan 80mg capsules (Alliance Healthcare (Distribution) Ltd),19795811000001109,amp,0205052V0AAABAB
19803311000001101,Valsartan 80mg capsules (A A H Pharmaceuticals Ltd),19803311000001101,amp,0205052V0AAABAB
19827911000001103,Valsartan 80mg capsules (Mylan),19827911000001103,amp,0205052V0AAABAB
20021411000001102,Valsartan 80mg capsules (Arrow Generics Ltd),20021411000001102,amp,0205052V0AAABAB
21923611000001101,Valsartan 80mg capsules (Waymade Healthcare Plc),21923611000001101,amp,0205052V0AAABAB
30108011000001104,Valsartan 80mg capsules (DE Pharmaceuticals),30108011000001104,amp,0205052V0AAABAB
35188111000001108,Valsartan 80mg capsules (Milpharm Ltd),35188111000001108,amp,0205052V0AAABAB
36511911000001108,Valsartan 80mg capsules (Crescent Pharma Ltd),36511911000001108,amp,0205052V0AAABAB
37271411000001103,Valsartan 80mg capsules (Mawdsley-Brooks & Company Ltd),37271411000001103,amp,0205052V0AAABAB
19630911000001108,Valsartan 160mg capsules (Teva UK Ltd),19630911000001108,amp,0205052V0AAACAC
19683111000001105,Valsartan 160mg capsules (Dexcel-Pharma Ltd),19683111000001105,amp,0205052V0AAACAC
19688111000001101,Valsartan 160mg capsules (Actavis UK Ltd),19688111000001101,amp,0205052V0AAACAC
19796611000001100,Valsartan 160mg capsules (Alliance Healthcare (Distribution) Ltd),19796611000001100,amp,0205052V0AAACAC
19803511000001107,Valsartan 160mg capsules (A A H Pharmaceuticals Ltd),19803511000001107,amp,0205052V0AAACAC
19827711000001100,Valsartan 160mg capsules (Mylan),19827711000001100,amp,0205052V0AAACAC
20021711000001108,Valsartan 160mg capsules (Arrow Generics Ltd),20021711000001108,amp,0205052V0AAACAC
21923911000001107,Valsartan 160mg capsules (Waymade Healthcare Plc),21923911000001107,amp,0205052V0AAACAC
30108211000001109,Valsartan 160mg capsules (DE Pharmaceuticals),30108211000001109,amp,0205052V0AAACAC
35188311000001105,Valsartan 160mg capsules (Milpharm Ltd),35188311000001105,amp,0205052V0AAACAC
36511711000001106,Valsartan 160mg capsules (Crescent Pharma Ltd),36511711000001106,amp,0205052V0AAACAC
19631511000001108,Valsartan 40mg tablets (Teva UK Ltd),19631511000001108,amp,0205052V0AAADAD
19682111000001104,Valsartan 40mg tablets (Dexcel-Pharma Ltd),19682111000001104,amp,0205052V0AAADAD
19687511000001106,Valsartan 40mg tablets (Actavis UK Ltd),19687511000001106,amp,0205052V0AAADAD
19796811000001101,Valsartan 40mg tablets (Alliance Healthcare (Distribution) Ltd),19796811000001101,amp,0205052V0AAADAD
19803711000001102,Valsartan 40mg tablets (A A H Pharmaceuticals Ltd),19803711000001102,amp,0205052V0AAADAD
19827311000001104,Valsartan 40mg tablets (Mylan),19827311000001104,amp,0205052V0AAADAD
19864611000001108,Valsartan 40mg tablets (Aspire Pharma Ltd),19864611000001108,amp,0205052V0AAADAD
20021911000001105,Valsartan 40mg tablets (Arrow Generics Ltd),20021911000001105,amp,0205052V0AAADAD
20918511000001107,Valsartan 40mg tablets (Zentiva),20918511000001107,amp,0205052V0AAADAD
21909411000001105,Valsartan 40mg tablets (Waymade Healthcare Plc),21909411000001105,amp,0205052V0AAADAD
29675411000001109,Valsartan 40mg tablets (Macleods Pharma UK Ltd),29675411000001109,amp,0205052V0AAADAD
30109611000001102,Valsartan 40mg tablets (DE Pharmaceuticals),30109611000001102,amp,0205052V0AAADAD
30943711000001104,Valsartan 40mg tablets (Mawdsley-Brooks & Company Ltd),30943711000001104,amp,0205052V0AAADAD
35654111000001106,Valsartan 40mg tablets (Crescent Pharma Ltd),35654111000001106,amp,0205052V0AAADAD
15652911000001102,Valsartan 40mg/5ml oral solution (Special Order),15652911000001102,amp,0205052V0AAAEAE
15653211000001100,Valsartan 40mg/5ml oral suspension (Special Order),15653211000001100,amp,0205052V0AAAEAE
19632311000001106,Valsartan 320mg tablets (Teva UK Ltd),19632311000001106,amp,0205052V0AAAFAF
19682311000001102,Valsartan 320mg tablets (Dexcel-Pharma Ltd),19682311000001102,amp,0205052V0AAAFAF
19797011000001105,Valsartan 320mg tablets (Alliance Healthcare (Distribution) Ltd),19797011000001105,amp,0205052V0AAAFAF
19803911000001100,Valsartan 320mg tablets (A A H Pharmaceuticals Ltd),19803911000001100,amp,0205052V0AAAFAF
19827111000001101,Valsartan 320mg tablets (Mylan),19827111000001101,amp,0205052V0AAAFAF
20022111000001102,Valsartan 320mg tablets (Arrow Generics Ltd),20022111000001102,amp,0205052V0AAAFAF
20919111000001105,Valsartan 320mg tablets (Zentiva),20919111000001105,amp,0205052V0AAAFAF
20942611000001104,Valsartan 320mg tablets (Actavis UK Ltd),20942611000001104,amp,0205052V0AAAFAF
21910211000001102,Valsartan 320mg tablets (Waymade Healthcare Plc),21910211000001102,amp,0205052V0AAAFAF
29676011000001109,Valsartan 320mg tablets (Macleods Pharma UK Ltd),29676011000001109,amp,0205052V0AAAFAF
30109811000001103,Valsartan 320mg tablets (DE Pharmaceuticals),30109811000001103,amp,0205052V0AAAFAF
30943911000001102,Valsartan 320mg tablets (Mawdsley-Brooks & Company Ltd),30943911000001102,amp,0205052V0AAAFAF
15653511000001102,Valsartan 160mg/5ml oral suspension (Special Order),15653511000001102,amp,0205052V0AAAGAG
15654111000001108,Valsartan 160mg/5ml oral solution (Special Order),15654111000001108,amp,0205052V0AAAGAG
19861711000001102,Valsartan 160mg tablets (Aspire Pharma Ltd),19861711000001102,amp,0205052V0AAAHAH
20918911000001100,Valsartan 160mg tablets (Zentiva),20918911000001100,amp,0205052V0AAAHAH
21910011000001107,Valsartan 160mg tablets (Waymade Healthcare Plc),21910011000001107,amp,0205052V0AAAHAH
29675811000001106,Valsartan 160mg tablets (Macleods Pharma UK Ltd),29675811000001106,amp,0205052V0AAAHAH
36002011000001102,Valsartan 160mg tablets (Crescent Pharma Ltd),36002011000001102,amp,0205052V0AAAHAH
19863511000001106,Valsartan 80mg tablets (Aspire Pharma Ltd),19863511000001106,amp,0205052V0AAAIAI
20918711000001102,Valsartan 80mg tablets (Zentiva),20918711000001102,amp,0205052V0AAAIAI
21909811000001107,Valsartan 80mg tablets (Waymade Healthcare Plc),21909811000001107,amp,0205052V0AAAIAI
29675611000001107,Valsartan 80mg tablets (Macleods Pharma UK Ltd),29675611000001107,amp,0205052V0AAAIAI
35773911000001104,Valsartan 80mg tablets (Crescent Pharma Ltd),35773911000001104,amp,0205052V0AAAIAI
777611000001101,Diovan 40mg capsules (Novartis Pharmaceuticals UK Ltd),777611000001101,amp,0205052V0BBAAAA
554511000001105,Diovan 80mg capsules (Novartis Pharmaceuticals UK Ltd),554511000001105,amp,0205052V0BBABAB
117011000001107,Diovan 160mg capsules (Novartis Pharmaceuticals UK Ltd),117011000001107,amp,0205052V0BBACAC
8263211000001101,Diovan 40mg tablets (Novartis Pharmaceuticals UK Ltd),8263211000001101,amp,0205052V0BBADAD
13143311000001102,Diovan 320mg tablets (Novartis Pharmaceuticals UK Ltd),13143311000001102,amp,0205052V0BBAEAF
20001711000001102,Diovan 3mg/1ml oral solution (Novartis Pharmaceuticals UK Ltd),20001711000001102,amp,0205052V0BBAFAJ
21229311000001108,Eprosartan 300mg tablets (A A H Pharmaceuticals Ltd),21229311000001108,amp,0205052W0AAAAAA
21232811000001106,Eprosartan 300mg tablets (Alliance Healthcare (Distribution) Ltd),21232811000001106,amp,0205052W0AAAAAA
23593311000001104,Eprosartan 300mg tablets (Waymade Healthcare Plc),23593311000001104,amp,0205052W0AAAAAA
23913811000001104,Eprosartan 300mg tablets (Phoenix Healthcare Distribution Ltd),23913811000001104,amp,0205052W0AAAAAA
29850011000001103,Eprosartan 300mg tablets (Sigma Pharmaceuticals Plc),29850011000001103,amp,0205052W0AAAAAA
30053411000001103,Eprosartan 300mg tablets (DE Pharmaceuticals),30053411000001103,amp,0205052W0AAAAAA
30276111000001105,Eprosartan 300mg tablets (Creo Pharma Ltd),30276111000001105,amp,0205052W0AAAAAA
30766411000001102,Eprosartan 300mg tablets (Teva UK Ltd),30766411000001102,amp,0205052W0AAAAAA
33596611000001102,Eprosartan 300mg tablets (Mylan),33596611000001102,amp,0205052W0AAAAAA
34103911000001107,Eprosartan 300mg tablets (Genesis Pharmaceuticals Ltd),34103911000001107,amp,0205052W0AAAAAA
21229511000001102,Eprosartan 400mg tablets (A A H Pharmaceuticals Ltd),21229511000001102,amp,0205052W0AAABAB
21233011000001109,Eprosartan 400mg tablets (Alliance Healthcare (Distribution) Ltd),21233011000001109,amp,0205052W0AAABAB
23593511000001105,Eprosartan 400mg tablets (Waymade Healthcare Plc),23593511000001105,amp,0205052W0AAABAB
23914111000001108,Eprosartan 400mg tablets (Phoenix Healthcare Distribution Ltd),23914111000001108,amp,0205052W0AAABAB
29850211000001108,Eprosartan 400mg tablets (Sigma Pharmaceuticals Plc),29850211000001108,amp,0205052W0AAABAB
30053611000001100,Eprosartan 400mg tablets (DE Pharmaceuticals),30053611000001100,amp,0205052W0AAABAB
30276311000001107,Eprosartan 400mg tablets (Creo Pharma Ltd),30276311000001107,amp,0205052W0AAABAB
30766711000001108,Eprosartan 400mg tablets (Teva UK Ltd),30766711000001108,amp,0205052W0AAABAB
33596411000001100,Eprosartan 400mg tablets (Mylan),33596411000001100,amp,0205052W0AAABAB
34104111000001106,Eprosartan 400mg tablets (Genesis Pharmaceuticals Ltd),34104111000001106,amp,0205052W0AAABAB
21229711000001107,Eprosartan 600mg tablets (A A H Pharmaceuticals Ltd),21229711000001107,amp,0205052W0AAACAC
21233211000001104,Eprosartan 600mg tablets (Alliance Healthcare (Distribution) Ltd),21233211000001104,amp,0205052W0AAACAC
23593711000001100,Eprosartan 600mg tablets (Waymade Healthcare Plc),23593711000001100,amp,0205052W0AAACAC
23914411000001103,Eprosartan 600mg tablets (Phoenix Healthcare Distribution Ltd),23914411000001103,amp,0205052W0AAACAC
23974511000001106,Eprosartan 600mg tablets (DE Pharmaceuticals),23974511000001106,amp,0205052W0AAACAC
29850511000001106,Eprosartan 600mg tablets (Sigma Pharmaceuticals Plc),29850511000001106,amp,0205052W0AAACAC
30125411000001105,Eprosartan 600mg tablets (Mawdsley-Brooks & Company Ltd),30125411000001105,amp,0205052W0AAACAC
30276511000001101,Eprosartan 600mg tablets (Creo Pharma Ltd),30276511000001101,amp,0205052W0AAACAC
30767011000001109,Eprosartan 600mg tablets (Teva UK Ltd),30767011000001109,amp,0205052W0AAACAC
33595711000001103,Eprosartan 600mg tablets (Mylan),33595711000001103,amp,0205052W0AAACAC
34104311000001108,Eprosartan 600mg tablets (Genesis Pharmaceuticals Ltd),34104311000001108,amp,0205052W0AAACAC
15695511000001109,Eprosartan 300mg/5ml oral solution (Special Order),15695511000001109,amp,0205052W0AAADAD
15696411000001101,Eprosartan 300mg/5ml oral suspension (Special Order),15696411000001101,amp,0205052W0AAADAD
401211000001105,Teveten 300mg tablets (Mylan),401211000001105,amp,0205052W0BBAAAA
151411000001103,Teveten 400mg tablets (Abbott Healthcare Products Ltd),151411000001103,amp,0205052W0BBABAB
872011000001109,Teveten 600mg tablets (Mylan),872011000001109,amp,0205052W0BBACAC
20418711000001104,Azilsartan medoxomil 20mg tablets,20418711000001104,vmp,0205052ADAAAAAA
449109006,Azilsartan medoxomil 40mg tablets,449109006,vmp,0205052ADAAABAB
449333009,Azilsartan medoxomil 80mg tablets,449333009,vmp,0205052ADAAACAC
408055003,Olmesartan medoxomil 10mg tablets,408055003,vmp,0205052B0AAAAAA
385542009,Olmesartan medoxomil 20mg tablets,385542009,vmp,0205052B0AAABAB
385543004,Olmesartan medoxomil 40mg tablets,385543004,vmp,0205052B0AAACAC
14680611000001107,Olmesartan medoxomil 10mg/5ml oral solution,14680611000001107,vmp,0205052B0AAADAD
14680711000001103,Olmesartan medoxomil 10mg/5ml oral suspension,14680711000001103,vmp,0205052B0AAADAD
318977009,Candesartan 2mg tablets,318977009,vmp,0205052C0AAAAAA
318978004,Candesartan 4mg tablets,318978004,vmp,0205052C0AAABAB
318979007,Candesartan 8mg tablets,318979007,vmp,0205052C0AAACAC
318980005,Candesartan 16mg tablets,318980005,vmp,0205052C0AAADAD
376998003,Candesartan 32mg tablets,376998003,vmp,0205052C0AAAHAH
15825311000001103,Candesartan 4mg/5ml oral suspension,15825311000001103,vmp,0205052C0AAAIAI
15913211000001107,Candesartan 4mg/5ml oral solution,15913211000001107,vmp,0205052C0AAAIAI
15853011000001101,Candesartan 8mg/5ml oral solution,15853011000001101,vmp,0205052C0AAAJAJ
15853111000001100,Candesartan 8mg/5ml oral suspension,15853111000001100,vmp,0205052C0AAAJAJ
36903211000001105,Candesartan 16mg/5ml oral solution,36903211000001105,vmp,0205052C0AAAKAK
318968002,Irbesartan 75mg tablets,318968002,vmp,0205052I0AAAAAA
318969005,Irbesartan 150mg tablets,318969005,vmp,0205052I0AAABAB
318970006,Irbesartan 300mg tablets,318970006,vmp,0205052I0AAACAC
8580811000001101,Irbesartan 150mg/5ml oral suspension,8580811000001101,vmp,0205052I0AAAFAF
12639511000001103,Irbesartan 300mg/5ml oral suspension,12639511000001103,vmp,0205052I0AAAGAG
15914211000001105,Irbesartan 300mg oral powder sachets,15914211000001105,vmp,0205052I0AAAIAI
18852211000001107,Irbesartan 20mg oral powder sachets,18852211000001107,vmp,0205052I0AAAJAJ
19281511000001102,Irbesartan 30mg oral powder sachets,19281511000001102,vmp,0205052I0AAAKAK
19481911000001105,Irbesartan 37.5mg oral powder sachets,19481911000001105,vmp,0205052I0AAALAL
36774811000001105,Irbesartan 100mg/5ml oral suspension,36774811000001105,vmp,0205052I0AAAMAM
318955005,Losartan 25mg tablets,318955005,vmp,0205052N0AAAAAA
318956006,Losartan 50mg tablets,318956006,vmp,0205052N0AAABAB
407784004,Losartan 100mg tablets,407784004,vmp,0205052N0AAADAD
14159411000001106,Losartan 50mg/5ml oral solution,14159411000001106,vmp,0205052N0AAAEAE
15451111000001107,Losartan 100mg/5ml oral solution,15451111000001107,vmp,0205052N0AAAFAF
15451211000001101,Losartan 100mg/5ml oral suspension,15451211000001101,vmp,0205052N0AAAFAF
14204011000001105,Losartan 25mg/5ml oral solution,14204011000001105,vmp,0205052N0AAAGAG
14204111000001106,Losartan 25mg/5ml oral suspension,14204111000001106,vmp,0205052N0AAAGAG
15148111000001100,Losartan 12.5mg tablets,15148111000001100,vmp,0205052N0AAAHAH
15507411000001105,Losartan 2.5mg/ml oral suspension sugar free,15507411000001105,vmp,0205052N0AAAIAI
14159511000001105,Losartan 50mg/5ml oral suspension,14159511000001105,vmp,0205052N0AAAJAJ
32877911000001108,Losartan 20mg/5ml oral suspension,32877911000001108,vmp,0205052N0AAAKAK
36904211000001108,Losartan 12.5mg/5ml oral suspension,36904211000001108,vmp,0205052N0AAALAL
318986004,Telmisartan 40mg tablets,318986004,vmp,0205052Q0AAAAAA
318987008,Telmisartan 80mg tablets,318987008,vmp,0205052Q0AAABAB
134463001,Telmisartan 20mg tablets,134463001,vmp,0205052Q0AAACAC
32880311000001102,Telmisartan 40mg/5ml oral suspension,32880311000001102,vmp,0205052Q0AAADAD
318961008,Valsartan 40mg capsules,318961008,vmp,0205052V0AAAAAA
318962001,Valsartan 80mg capsules,318962001,vmp,0205052V0AAABAB
318963006,Valsartan 160mg capsules,318963006,vmp,0205052V0AAACAC
416515008,Valsartan 40mg tablets,416515008,vmp,0205052V0AAADAD
15775511000001107,Valsartan 40mg/5ml oral solution,15775511000001107,vmp,0205052V0AAAEAE
15775611000001106,Valsartan 40mg/5ml oral suspension,15775611000001106,vmp,0205052V0AAAEAE
376487009,Valsartan 320mg tablets,376487009,vmp,0205052V0AAAFAF
15775311000001101,Valsartan 160mg/5ml oral solution,15775311000001101,vmp,0205052V0AAAGAG
15775411000001108,Valsartan 160mg/5ml oral suspension,15775411000001108,vmp,0205052V0AAAGAG
375035005,Valsartan 160mg tablets,375035005,vmp,0205052V0AAAHAH
375034009,Valsartan 80mg tablets,375034009,vmp,0205052V0AAAIAI
20007411000001100,Valsartan 3mg/ml oral solution,20007411000001100,vmp,0205052V0AAAJAJ
318994006,Eprosartan 300mg tablets,318994006,vmp,0205052W0AAAAAA
318995007,Eprosartan 400mg tablets,318995007,vmp,0205052W0AAABAB
318996008,Eprosartan 600mg tablets,318996008,vmp,0205052W0AAACAC
15774011000001103,Eprosartan 300mg/5ml oral solution,15774011000001103,vmp,0205052W0AAADAD
15774111000001102,Eprosartan 300mg/5ml oral suspension,15774111000001102,vmp,0205052W0AAADAD
3480811000001107,VMP previous to 407784004,3480811000001107,vmp,0205052N0AAADAD
4637611000001100,VMP previous to 408055003,4637611000001100,vmp,0205052B0AAAAAA
4637711000001109,VMP previous to 385542009,4637711000001109,vmp,0205052B0AAABAB
4638411000001104,VMP previous to 385543004,4638411000001104,vmp,0205052B0AAACAC
8285811000001104,VMP previous to 416515008,8285811000001104,vmp,0205052V0AAADAD
8985911000001108,VMP previous to 376998003,8985911000001108,vmp,0205052C0AAAHAH
1137333005,VMP subsequent to 449109006,1137333005,vmp,0205052ADAAABAB
1137623008,VMP subsequent to 449333009,1137623008,vmp,0205052ADAAACAC
42370811000001104,VMP subsequent to 449109006,42370811000001104,vmp,0205052ADAAABAB
42370911000001109,VMP subsequent to 449333009,42370911000001109,vmp,0205052ADAAACAC
42371711000001104,VMP subsequent to 318980005,42371711000001104,vmp,0205052C0AAADAD
42371811000001107,VMP subsequent to 318977009,42371811000001107,vmp,0205052C0AAAAAA
42371911000001102,VMP subsequent to 376998003,42371911000001102,vmp,0205052C0AAAHAH
42372011000001109,VMP subsequent to 318978004,42372011000001109,vmp,0205052C0AAABAB
42372111000001105,VMP subsequent to 318979007,42372111000001105,vmp,0205052C0AAACAC
42374411000001107,VMP subsequent to 318994006,42374411000001107,vmp,0205052W0AAAAAA
42374511000001106,VMP subsequent to 318995007,42374511000001106,vmp,0205052W0AAABAB
42374611000001105,VMP subsequent to 318996008,42374611000001105,vmp,0205052W0AAACAC
42375311000001101,VMP subsequent to 318969005,42375311000001101,vmp,0205052I0AAABAB
42375511000001107,VMP subsequent to 318970006,42375511000001107,vmp,0205052I0AAACAC
42375611000001106,VMP subsequent to 318968002,42375611000001106,vmp,0205052I0AAAAAA
42376711000001105,VMP subsequent to 407784004,42376711000001105,vmp,0205052N0AAADAD
42376811000001102,VMP subsequent to 318955005,42376811000001102,vmp,0205052N0AAAAAA
42377011000001106,VMP subsequent to 318956006,42377011000001106,vmp,0205052N0AAABAB
42378111000001108,VMP subsequent to 408055003,42378111000001108,vmp,0205052B0AAAAAA
42378411000001103,VMP subsequent to 385542009,42378411000001103,vmp,0205052B0AAABAB
42378811000001101,VMP subsequent to 385543004,42378811000001101,vmp,0205052B0AAACAC
42382811000001109,VMP subsequent to 134463001,42382811000001109,vmp,0205052Q0AAACAC
42383011000001107,VMP subsequent to 318986004,42383011000001107,vmp,0205052Q0AAAAAA
42383211000001102,VMP subsequent to 318987008,42383211000001102,vmp,0205052Q0AAABAB
42384111000001105,VMP subsequent to 318963006,42384111000001105,vmp,0205052V0AAACAC
42384211000001104,VMP subsequent to 375035005,42384211000001104,vmp,0205052V0AAAHAH
42384311000001107,VMP subsequent to 376487009,42384311000001107,vmp,0205052V0AAAFAF
42384411000001100,VMP subsequent to 318961008,42384411000001100,vmp,0205052V0AAAAAA
42384511000001101,VMP subsequent to 416515008,42384511000001101,vmp,0205052V0AAADAD
42384711000001106,VMP subsequent to 318962001,42384711000001106,vmp,0205052V0AAABAB
42384811000001103,VMP subsequent to 375034009,42384811000001103,vmp,0205052V0AAAIAI
